"","cust_id","first_name","last_name","cust_email","password","cust_birth_date","block_num","postcode","address_type","cust_telephone"
"1","cust01","Rocky","Cisco","Cisco.Rocky@gmail.com","kuKKAAiI","25-10-1986","M73","CV3 9HS","Home","0755820466"
"2","cust02","Shaheed","al-El-Sayed","al-El-Sayed.Shaheed@gmail.com","wjRhW4xu","11-03-1983","E97","CV3 2JY","Home","0756684070"
"3","cust03","Nicole","Orozco","Orozco.Nicole@gmail.com","skowpF1o","07-06-1995","U63","CV128LL","Office","0755584939"
"4","cust04","Christopher","Castro","Castro.Christopher@gmail.com","DXPQ0kGD","19-10-1989","F83","CV371TL","Home","0753262347"
"5","cust05","Caroline","Mills","Mills.Caroline@gmail.com","Tjyyq7oy","06-10-2005","I45","CV3 2XX","Office","0758099980"
"6","cust06","Dhareef","el-Dia","el-Dia.Dhareef@gmail.com","jCg8OmpC","28-12-1958","Q69","CV129SB","Office","0752186817"
"7","cust07","Ruth","Moton","Moton.Ruth@gmail.com","12PqcfO9","28-11-1951","A68","CV128PY","Office","0754375946"
"8","cust08","Victor","Wardell","Wardell.Victor@gmail.com","8k2OCWhb","17-09-1980","Z89","CV136AE","Office","0753171396"
"9","cust09","Ron","Felix","Felix.Ron@gmail.com","u69T4MF6","28-12-1958","C23","CV325PH","Office","0758373056"
"10","cust10","Kayla","Tafoya","Tafoya.Kayla@gmail.com","RPIKKd6r","06-10-2005","X86","CV4 9DJ","Office","0751196675"
"11","cust11","Samantha","Guthrie","Guthrie.Samantha@gmail.com","NHefyx0o","25-12-1957","N34","CV8 2UU","Home","0755145322"
"12","cust12","Joseph","Morgan","Morgan.Joseph@gmail.com","lSbAJx9b","12-12-1995","W01","CV230FP","Office","0754142476"
"13","cust13","Gavin","Martinez","Martinez.Gavin@gmail.com","Knk0tYc1","02-10-1997","F09","CV9 3LN","Home","0754847965"
"14","cust14","Quaton","Reeves","Reeves.Quaton@gmail.com","twlgzSwn","30-12-1985","Z71","CV4 9PA","Home","0754233154"
"15","cust15","Nicholas","Szocs","Szocs.Nicholas@gmail.com","EUe7xVWn","23-02-2003","W64","CV5 9LL","Home","0753622861"
"16","cust16","Jaylyn","Chavez","Chavez.Jaylyn@gmail.com","jVRxHXEz","12-12-1961","C27","CV472WT","Home","0751142254"
"17","cust17","Juanita","Martinez","Martinez.Juanita@gmail.com","MHQE5Tg9","09-04-1958","T60","CV116NL","Office","0750770491"
"18","cust18","Brandon","Johnson","Johnson.Brandon@gmail.com","xFmAokqn","14-06-1996","D46","CV238ND","Home","0755283893"
"19","cust19","Matthew","Tran","Tran.Matthew@gmail.com","qZsDcdoT","06-09-1989","A25","CV239HW","Office","0758617066"
"20","cust20","Savannah","Clason","Clason.Savannah@gmail.com","6C8MxtA8","23-02-2003","C55","CV9 2BF","Home","0758058883"
"21","cust21","Joshua","Garcia","Garcia.Joshua@gmail.com","ueyFpyQO","19-04-1983","B02","CV212JF","Office","0752863708"
"22","cust22","Kameel","el-Taheri","el-Taheri.Kameel@gmail.com","qax8v5Ju","22-06-1976","S48","CV359PL","Office","0752589976"
"23","cust23","Ramla","el-Bina","el-Bina.Ramla@gmail.com","qQOOSoxY","16-04-1948","L18","CV6 3GR","Office","0750975714"
"24","cust24","Connor","Almazbek","Almazbek.Connor@gmail.com","sfngveep","12-10-1993","K85","CV311BE","Home","0750533747"
"25","cust25","Chassity","Jefferson","Jefferson.Chassity@gmail.com","DYnlNxWT","28-11-1951","J99","CV1 9EH","Home","0758410640"
"26","cust26","Melissa","Melick","Melick.Melissa@gmail.com","lMDjvOIt","01-12-2001","F83","CV371DX","Home","0755538945"
"27","cust27","Khadeeja","el-Rahim","el-Rahim.Khadeeja@gmail.com","bYZEtXui","21-12-1981","W86","CV7 9DT","Home","0752245794"
"28","cust28","Erick","Gonzalez","Gonzalez.Erick@gmail.com","2c9rmOPs","07-06-1995","C65","CV5 7BH","Office","0758450705"
"29","cust29","Breiann","Perez","Perez.Breiann@gmail.com","DEsyiBby","28-11-1951","E57","CV9 2HN","Office","0759069885"
"30","cust30","Lynn","Cantrell","Cantrell.Lynn@gmail.com","5d77zNZS","07-06-1995","V28","CV238HJ","Office","0753864905"
"31","cust31","Victor","Millman","Millman.Victor@gmail.com","KLTGzvj4","07-11-1989","J38","CV2 5ZZ","Office","0753986885"
"32","cust32","Chad","Thompson","Thompson.Chad@gmail.com","cQ8Y1Dbc","27-12-1983","G77","CV5 9JS","Home","0750287198"
"33","cust33","Isamar","Edwards","Edwards.Isamar@gmail.com","OYjw1XeJ","16-04-1948","J19","CV348DJ","Office","0757759313"
"34","cust34","Luwai","el-Amer","el-Amer.Luwai@gmail.com","pupv6eZl","27-12-1983","I11","CV219FY","Office","0757190116"
"35","cust35","Kimberly","Townsend","Townsend.Kimberly@gmail.com","uoKnMd5n","06-10-2005","Z45","CV230JL","Office","0753694646"
"36","cust36","Andrew","Cowell","Cowell.Andrew@gmail.com","codFrn8l","25-05-1967","U22","CV8 1QU","Office","0755152960"
"37","cust37","Jacqueline","Chafin","Chafin.Jacqueline@gmail.com","sC6VuHAF","30-12-1985","B61","CV339QA","Home","0757232775"
"38","cust38","Gina","Phenna","Phenna.Gina@gmail.com","y7db52Km","04-03-2001","K15","CV211GP","Office","0753402413"
"39","cust39","Jenna","Shannon","Shannon.Jenna@gmail.com","TyOQTQ8q","22-06-1976","Q33","CV1 5PP","Office","0754004758"
"40","cust40","Matthew","Roberge","Roberge.Matthew@gmail.com","HJrbtg46","20-04-1971","Y48","CV4 9YW","Office","0758873754"
"41","cust41","Bhoomi","Crane","Crane.Bhoomi@gmail.com","uwWN35gc","01-12-2001","J09","CV379RH","Office","0757887889"
"42","cust42","Hunter","Johnson","Johnson.Hunter@gmail.com","YOhpJjYR","28-11-1951","U20","CV377YW","Office","0755916759"
"43","cust43","Jamal","Jackson","Jackson.Jamal@gmail.com","Y9j9bCUf","03-02-1965","S29","CV378BZ","Home","0756342601"
"44","cust44","Isuru","Than","Than.Isuru@gmail.com","B70vsUJB","04-03-2001","P48","CV230QQ","Home","0757228334"
"45","cust45","Julia","Scurto","Scurto.Julia@gmail.com","hgbW63gl","03-02-1983","M61","CV311HA","Home","0752291640"
"46","cust46","Jason","Xiong","Xiong.Jason@gmail.com","qKPU4BBU","21-12-1981","J57","CV2 3FZ","Office","0753830653"
"47","cust47","Sky","Ellis","Ellis.Sky@gmail.com","nuCn4qZw","01-12-2001","W34","CV7 8QU","Home","0754376711"
"48","cust48","Calvin","Thompson","Thompson.Calvin@gmail.com","Yp946xGx","03-02-1983","T79","CV1 4GX","Office","0755993431"
"49","cust49","Lataja","Sherer","Sherer.Lataja@gmail.com","aOczNa2e","11-03-1983","W86","CV116TF","Home","0750039119"
"50","cust50","Mya","Pacheco","Pacheco.Mya@gmail.com","x0pABF6K","04-03-2001","L26","CV213DU","Home","0755524522"
