"","cust_id","first_name","last_name","cust_email","password","cust_birth_date","block_num","postcode","address_type","cust_telephone"
"1","cust001","Anthony","Messere","Messere.Anthony@gmail.com","uMuE23Vz","20-04-1995","C28","CV344HJ","Home","0753816852"
"2","cust002","Gary","Hoeger","Hoeger.Gary@gmail.com","ukyEUTwC","08-04-1957","E13","CV8 2WA","Office","0752539800"
"3","cust003","Keenan","Waller","Waller.Keenan@gmail.com","zW8H65Q7","22-05-1983","O65","CV2 1ZP","Office","0752590857"
"4","cust004","Dakota","Shrestha","Shrestha.Dakota@gmail.com","gygctfjh","14-05-1974","T69","CV313EQ","Office","0756904372"
"5","cust005","Brittney","Schultz","Schultz.Brittney@gmail.com","RkRSL4tl","03-10-1957","T59","CV2 4LN","Office","0752919139"
"6","cust006","Ian","Probst","Probst.Ian@gmail.com","tTTLkGSJ","15-10-1993","K20","CV5 9BL","Home","0755714967"
"7","cust007","Destinee","Vue","Vue.Destinee@gmail.com","DdMPpwnA","29-05-1992","F11","CV1 1LW","Office","0750357078"
"8","cust008","Kellara","Lewis","Lewis.Kellara@gmail.com","ALL2KbtC","25-05-1999","C83","CV8 2BS","Home","0757853500"
"9","cust009","Drake","Guerrero","Guerrero.Drake@gmail.com","D1ihtGD2","12-05-1959","O06","CV2 1RY","Home","0750069678"
"10","cust010","Raaid","el-Farha","el-Farha.Raaid@gmail.com","rTSkfF4z","05-01-1995","V43","CV109EU","Home","0756347111"
"11","cust011","Jabari","N'Dianor","N'Dianor.Jabari@gmail.com","1pqYuNGZ","25-01-1963","H80","CV2 4JX","Home","0755409579"
"12","cust012","Shaamikh","al-Azzam","al-Azzam.Shaamikh@gmail.com","J3FLWjAZ","15-06-1974","Y92","CV213WR","Home","0750434064"
"13","cust013","Tyler","Little","Little.Tyler@gmail.com","XsNnnv3i","16-12-1965","V13","CV2 5FQ","Home","0750859387"
"14","cust014","Sanaaa","al-Ramadan","al-Ramadan.Sanaaa@gmail.com","tdKab8zV","10-05-1977","Q90","CV8 2NN","Office","0754522278"
"15","cust015","Crystal","Edgerley","Edgerley.Crystal@gmail.com","5955QxyN","08-04-1959","T40","CV6 5EB","Office","0755588961"
"16","cust016","Artem","Blumhardt","Blumhardt.Artem@gmail.com","CVTnEd9P","10-10-2003","U34","CV219NN","Home","0759294737"
"17","cust017","Sonim","Piechowski","Piechowski.Sonim@gmail.com","O3f6FG0o","07-01-1956","X28","CV8 1AZ","Home","0756935314"
"18","cust018","Hujja","el-Hassan","el-Hassan.Hujja@gmail.com","vmcaPpEk","06-05-1956","L26","CV379UH","Home","0752648229"
"19","cust019","Myranda","Seiler","Seiler.Myranda@gmail.com","1E1EgvMp","17-07-1972","Y73","CV2 4BG","Home","0757144448"
"20","cust020","Zachary","Graves","Graves.Zachary@gmail.com","dtXANKtB","30-04-1965","C82","CV330BP","Home","0759086643"
"21","cust021","Quentin","Mckay","Mckay.Quentin@gmail.com","Q7k1iMUK","06-02-1975","H99","CV239SR","Office","0754151158"
"22","cust022","Salaah","el-Naim","el-Naim.Salaah@gmail.com","TLvdSm01","28-09-1961","U74","CV100EP","Office","0750532262"
"23","cust023","Ridwaan","el-Ameen","el-Ameen.Ridwaan@gmail.com","oVzzn9dm","21-04-1968","I71","CV3 9TJ","Office","0755851232"
"24","cust024","Rosa","Martinez","Martinez.Rosa@gmail.com","adikfN4A","16-03-1989","E32","CV6 5GS","Office","0754673248"
"25","cust025","Cody","Gomez","Gomez.Cody@gmail.com","fyxrR6ut","09-04-1981","F36","CV5 9YT","Office","0754728253"
"26","cust026","Erika","Camacho-Rodriguez","Camacho-Rodriguez.Erika@gmail.com","sejDebzr","25-01-1963","I54","CV478HL","Home","0750134069"
"27","cust027","Sara","Flood","Flood.Sara@gmail.com","J8QRRz58","06-05-1956","L69","CV1 4AZ","Home","0751387166"
"28","cust028","Nia","Halpenny","Halpenny.Nia@gmail.com","Gn4Gqicq","08-04-1959","Q81","CV8 9DR","Home","0759253593"
"29","cust029","Shanequa","Gamble","Gamble.Shanequa@gmail.com","3OJRHPxs","07-01-1956","F70","CV2 5DB","Office","0750233875"
"30","cust030","Patricia","Vizzini","Vizzini.Patricia@gmail.com","JSzcxGZg","13-03-1964","V69","CV345HR","Office","0754916968"
"31","cust031","Natalie","Garcia","Garcia.Natalie@gmail.com","mpRtCXaC","14-05-1974","F36","CV6 9FW","Home","0751090877"
"32","cust032","Emily","Newell","Newell.Emily@gmail.com","M8zNzVv6","02-02-1997","P74","CV319BL","Office","0759165418"
"33","cust033","Vi","Johnson","Johnson.Vi@gmail.com","Na7IvWH6","22-05-1983","X89","CV226JE","Office","0759286039"
"34","cust034","Shabeeba","al-Amin","al-Amin.Shabeeba@gmail.com","fwyOwBkb","15-06-1974","K13","CV3 9NJ","Office","0756633916"
"35","cust035","Bradley","Gillespie","Gillespie.Bradley@gmail.com","dwdygIYr","07-12-1954","L40","CV376AE","Office","0757396254"
"36","cust036","Chalcey","Miller","Miller.Chalcey@gmail.com","kW3cxNKO","15-06-1974","U68","CV108HL","Office","0753723018"
"37","cust037","Kimberly","Simina","Simina.Kimberly@gmail.com","i1MGMigw","14-05-1974","Z39","CV1 2PY","Office","0758739162"
"38","cust038","Taaliba","el-Mahmood","el-Mahmood.Taaliba@gmail.com","wDuQbf3O","03-05-1962","Y11","CV8 3ZA","Office","0753161414"
"39","cust039","Taylor","Oberholtzer","Oberholtzer.Taylor@gmail.com","Npx0V7k8","18-08-1971","F60","CV2 1JQ","Home","0757698571"
"40","cust040","Sulama","al-Nawaz","al-Nawaz.Sulama@gmail.com","BEqodpfN","29-06-1991","U93","CV214NA","Office","0755263543"
"41","cust041","Taryn","Howard","Howard.Taryn@gmail.com","yoHATghA","21-10-1960","G94","CV3 2PF","Home","0750785993"
"42","cust042","Shailyn","Mace","Mace.Shailyn@gmail.com","w1GLS1z9","11-10-2005","E80","CV3 9ED","Home","0750807998"
"43","cust043","Abdul Qayyoom","el-Musa","el-Musa.Abdul Qayyoom@gmail.com","nK7h8ioJ","18-08-1971","G15","CV313EJ","Office","0750679942"
"44","cust044","Aliyya","al-Mahdavi","al-Mahdavi.Aliyya@gmail.com","2TazayCg","14-05-1944","V63","CV214NL","Home","0755307786"
"45","cust045","Mikala","Wilkerson","Wilkerson.Mikala@gmail.com","lp7cGe6v","14-06-1960","D20","CV2 3LY","Office","0758471775"
"46","cust046","Kinberlee","Hardiman-Walker","Hardiman-Walker.Kinberlee@gmail.com","1mEZf6xL","29-06-1961","D75","CV2 4DE","Home","0759353822"
"47","cust047","Daniel","Contreras","Contreras.Daniel@gmail.com","FXagrOFy","14-05-1974","O03","CV214LH","Office","0759245040"
"48","cust048","Mahmooda","al-Mahdi","al-Mahdi.Mahmooda@gmail.com","CW8w2U1S","19-08-1944","X40","CV214LU","Home","0751011840"
"49","cust049","Adaobi","Taylor","Taylor.Adaobi@gmail.com","oSJaVBoT","22-01-2001","I75","CV239AQ","Home","0750291959"
"50","cust050","Joseph","Maldonado","Maldonado.Joseph@gmail.com","SM4gpG4b","25-05-1999","B64","CV8 1XB","Home","0750271287"
"51","cust051","Ellen","Wang","Wang.Ellen@gmail.com","hTtrWiwL","03-05-1962","H52","CV114XF","Home","0750196329"
"52","cust052","Chassity","Butler","Butler.Chassity@gmail.com","wUXznMGi","14-12-1992","B89","CV213RH","Home","0757190245"
"53","cust053","Natalie","Erisman","Erisman.Natalie@gmail.com","I78zlS9o","02-11-1980","A33","CV311DJ","Home","0757420798"
"54","cust054","Rachel","Hemlock","Hemlock.Rachel@gmail.com","uYjmkZ9p","21-04-1968","F74","CV5 7AE","Office","0755932666"
"55","cust055","Alexander","Dahal","Dahal.Alexander@gmail.com","kkH3STsi","10-10-2003","H43","CV312YH","Office","0752698998"
"56","cust056","Terry","Sebben","Sebben.Terry@gmail.com","2zqNABtO","25-05-1999","K24","CV324ST","Office","0752771042"
"57","cust057","Kody","Wan","Wan.Kody@gmail.com","xKBn9Vos","10-11-2005","U06","CV3 6RJ","Office","0754236155"
"58","cust058","Nikia","Gilliam","Gilliam.Nikia@gmail.com","5RVXGvrs","09-04-1981","J02","CV3 4ER","Home","0752634063"
"59","cust059","Akeelez","Washington","Washington.Akeelez@gmail.com","SZCwOJnd","26-05-1968","L46","CV2 2DQ","Office","0758247564"
"60","cust060","Angel","Falope","Falope.Angel@gmail.com","gLeaI418","10-06-1977","J08","CV115TP","Home","0756481644"
"61","cust061","Khanh","Dang","Dang.Khanh@gmail.com","iD0bq6Y0","18-08-1971","E29","CV2 2UE","Home","0754145879"
"62","cust062","Bryan","Yasumura","Yasumura.Bryan@gmail.com","1x8F8mWA","20-08-1999","Y33","CV370UT","Office","0750672561"
"63","cust063","Roderick","Mcafee","Mcafee.Roderick@gmail.com","mS6opDDq","29-01-1951","T43","CV212XX","Home","0756445442"
"64","cust064","Jack","Deyarmond","Deyarmond.Jack@gmail.com","Nky3ZUiD","29-01-1951","M50","CV9 1PN","Office","0757466209"
"65","cust065","Leeann","Kim","Kim.Leeann@gmail.com","dxligUjQ","11-03-2000","U80","CV313YT","Home","0756655113"
"66","cust066","Andrew","Bennett","Bennett.Andrew@gmail.com","0wPk4YBH","21-04-1968","J70","CV2 2ZF","Home","0757988470"
"67","cust067","Leslie","Castaneda","Castaneda.Leslie@gmail.com","chF9hqbE","15-06-1974","F19","CV2 5JS","Home","0756142018"
"68","cust068","Luis","Vasquez","Vasquez.Luis@gmail.com","EwJUsJ7E","25-11-1995","R22","CV239YB","Office","0753057779"
"69","cust069","Jaymie Leigh","Jordan","Jordan.Jaymie Leigh@gmail.com","NkjxGN6Q","20-07-2001","V22","CV2 2ZR","Home","0754332428"
"70","cust070","Devin","Stewart","Stewart.Devin@gmail.com","ukbf6Cfi","06-02-1946","Z29","CV357LZ","Home","0751981082"
"71","cust071","Rachel","Newberry","Newberry.Rachel@gmail.com","EA2qnHbv","16-12-1965","G49","CV3 5EQ","Office","0756440768"
"72","cust072","Jane","Yan","Yan.Jane@gmail.com","KZULqSEd","12-05-1959","V92","CV108EP","Office","0752070716"
"73","cust073","Thaleia","Le","Le.Thaleia@gmail.com","e4WNbtld","27-09-1997","S26","CV6 9JG","Office","0753691405"
"74","cust074","Sami","Yang","Yang.Sami@gmail.com","XOABJjbL","16-03-1989","O98","CV7 7QD","Office","0751492068"
"75","cust075","Mahbooba","al-Siddiqui","al-Siddiqui.Mahbooba@gmail.com","Rc4G52VX","07-12-1954","Q91","CV378BU","Home","0754940883"
"76","cust076","Edward","Ota","Ota.Edward@gmail.com","KgQ15Uuv","26-05-1968","R33","CV6 4NN","Home","0754012960"
"77","cust077","Abdul Fattaah","al-Rafiq","al-Rafiq.Abdul Fattaah@gmail.com","2glWVuVR","06-03-1973","P78","CV114YL","Office","0750649511"
"78","cust078","Javonne","Patterson","Patterson.Javonne@gmail.com","CAlFFPt9","22-01-2001","D26","CV7 7PR","Home","0758218367"
"79","cust079","Blanca","Sisneros","Sisneros.Blanca@gmail.com","j4JdyWff","30-12-1994","A27","CV2 4QH","Home","0754615424"
"80","cust080","Sadie","Pinnecoose","Pinnecoose.Sadie@gmail.com","CbgseILi","29-09-1991","A38","CV1 5BD","Home","0752334464"
"81","cust081","Nick","Kuck","Kuck.Nick@gmail.com","e3ri9TnD","30-08-1992","G66","CV2 3NX","Home","0754899748"
"82","cust082","Lauren","Alex","Alex.Lauren@gmail.com","DNgwSeCt","06-05-1956","F11","CV2 1SL","Home","0758658700"
"83","cust083","Gaitha","al-Nagi","al-Nagi.Gaitha@gmail.com","iMbPw4Qs","03-11-1975","M03","CV4 7DE","Office","0753033830"
"84","cust084","Troy","Khanom","Khanom.Troy@gmail.com","Qm9uvzBO","11-03-2000","G33","CV370PE","Home","0757934730"
"85","cust085","Devin","Metoyer","Metoyer.Devin@gmail.com","BxmSyrWi","25-01-1963","D41","CV6 7EN","Office","0754285395"
"86","cust086","Nedim","Chavez","Chavez.Nedim@gmail.com","vwB7m4Pn","28-09-1980","M98","CV5 7EF","Office","0756543165"
"87","cust087","Gabriel","Holland","Holland.Gabriel@gmail.com","FHWQ4ESA","20-11-2005","P97","CV213PF","Office","0754973263"
"88","cust088","Dominique","Rolf","Rolf.Dominique@gmail.com","cRPCbwwP","11-07-1945","S80","CV325RX","Office","0759905741"
"89","cust089","Caleb","Rodenburg","Rodenburg.Caleb@gmail.com","tagMCm0N","10-05-1956","C34","CV213BP","Office","0756902955"
"90","cust090","Kevin","Cramer","Cramer.Kevin@gmail.com","7DVbswUa","05-03-1979","N49","CV3 3GX","Office","0753452956"
"91","cust091","Arwa","al-Baddour","al-Baddour.Arwa@gmail.com","GbeRgmjx","18-08-1971","S94","CV319FN","Home","0753972730"
"92","cust092","Joseph","Anders","Anders.Joseph@gmail.com","Avtdm9K8","14-12-1960","S51","CV114EL","Office","0757477154"
"93","cust093","Purushka","Le","Le.Purushka@gmail.com","dIQ4186q","03-02-1986","V08","CV371UF","Home","0755138183"
"94","cust094","Sarai","Trujillo","Trujillo.Sarai@gmail.com","8tmhV50a","25-11-1995","H66","CV239ZT","Office","0751220475"
"95","cust095","Ruvencia","Cavitt","Cavitt.Ruvencia@gmail.com","gNH11uoK","28-02-1948","G22","CV330ES","Home","0755521446"
"96","cust096","Danielle","Bailey","Bailey.Danielle@gmail.com","Qj0v8YPY","30-12-1994","K90","CV1 1QJ","Home","0757004012"
"97","cust097","Desmond","Mathews","Mathews.Desmond@gmail.com","mJxlzyYb","09-04-1981","O57","CV1 4NE","Office","0752647653"
"98","cust098","Haniyya","al-Niazi","al-Niazi.Haniyya@gmail.com","dN7pW8gW","22-03-1958","E32","CV3 4YW","Office","0756046091"
"99","cust099","Jeremy","Annan","Annan.Jeremy@gmail.com","8SCzfhC0","12-05-1959","D12","CV6 5NP","Office","0758633018"
"100","cust100","Selena","Sandoval","Sandoval.Selena@gmail.com","ZcvUPAZi","29-05-1992","E39","CV377YL","Office","0755368457"
