"","cust_id","first_name","last_name","cust_email","password","cust_birth_date","block_num","postcode","address_type","cust_telephone"
"1","cust01","Rodney","Sharpe","Sharpe.Rodney@gmail.com","ZXohZikN",1967-10-31,"R74","CV8 1ZS","Home","0751726128"
"2","cust02","Zachary","Judd","Judd.Zachary@gmail.com","HWGpP4xD",1953-01-16,"V41","CV1 9DT","Home","0758081645"
"3","cust03","Mezan","Hellmann-Jones","Hellmann-Jones.Mezan@gmail.com","PccK8ubk",1953-01-16,"G11","CV128NL","Home","0757499363"
"4","cust04","David","Byrd","Byrd.David@gmail.com","uWN4qVDN",1956-08-18,"D54","CV225PD","Home","0754200074"
"5","cust05","Zachary","Anderson","Anderson.Zachary@gmail.com","CSE74gH9",1945-05-30,"T64","CV5 7JL","Home","0758516875"
"6","cust06","Ibtisaama","el-Sattar","el-Sattar.Ibtisaama@gmail.com","yPOeuDXi",2006-01-28,"F00","CV8 3NG","Office","0754688121"
"7","cust07","Cody","Costlow","Costlow.Cody@gmail.com","O5d0Dgrn",1970-05-01,"G28","CV3 6JU","Home","0757187949"
"8","cust08","Shaahir","al-Abdi","al-Abdi.Shaahir@gmail.com","8Omga7YR",1961-08-27,"N25","CV326DE","Office","0757830273"
"9","cust09","Erlinda","Bueno","Bueno.Erlinda@gmail.com","l1Cs6yNr",1971-09-19,"M69","CV3 3GQ","Home","0753051807"
"10","cust10","Hasnaa","al-Aydin","al-Aydin.Hasnaa@gmail.com","tUiUz49m",1977-07-15,"J17","CV319BP","Office","0758026749"
"11","cust11","Carlee","Akina","Akina.Carlee@gmail.com","XPzFV4oN",1967-10-31,"U23","CV6 4JN","Home","0753426507"
"12","cust12","Jeremy","Ward","Ward.Jeremy@gmail.com","nCwLW6sx",1972-10-28,"O09","CV472BP","Home","0752656622"
"13","cust13","Chance","Salazar","Salazar.Chance@gmail.com","2UErW0HK",1994-01-09,"E49","CV326QN","Home","0755933055"
"14","cust14","Zainuddeen","al-Malak","al-Malak.Zainuddeen@gmail.com","aF26hwJ4",1967-08-26,"Z11","CV364LQ","Home","0757940288"
"15","cust15","Kendall","Simpson","Simpson.Kendall@gmail.com","JcRnHZ2B",1977-01-08,"G26","CV324RF","Office","0758964170"
"16","cust16","Eric","Brewster","Brewster.Eric@gmail.com","jpVZ08r5",2001-11-03,"D54","CV1 9BB","Office","0754987159"
"17","cust17","Claire","Kim","Kim.Claire@gmail.com","FyZFc19h",1967-10-31,"F75","CV326LW","Office","0756200839"
"18","cust18","India","Minor","Minor.India@gmail.com","4cw5y1iS",1957-01-14,"J55","CV350PR","Home","0755591835"
"19","cust19","Hannah","Bernard","Bernard.Hannah@gmail.com","ZsYjcJOC",1970-08-16,"J21","CV100FQ","Home","0753071641"
"20","cust20","Aliyah","Vallejos","Vallejos.Aliyah@gmail.com","qbkYHjYL",1945-05-30,"H76","CV324YL","Office","0759409862"
"21","cust21","Katheer","el-Rasheed","el-Rasheed.Katheer@gmail.com","VoWCqMIl",1957-09-20,"B99","CV472YY","Home","0758981950"
"22","cust22","Maria","Orona Gandara","Orona Gandara.Maria@gmail.com","jqZ1UXpj",1972-10-28,"Y74","CV9 1RS","Home","0751087939"
"23","cust23","Devarieyia","Smith","Smith.Devarieyia@gmail.com","Y48g6CMq",1953-01-16,"O14","CV3 1PL","Home","0758769484"
"24","cust24","Christine","Kirgis","Kirgis.Christine@gmail.com","Eh6mFX2n",1961-08-27,"F79","CV358DH","Home","0754960144"
"25","cust25","Sean","Miller","Miller.Sean@gmail.com","KuMyNUU0",2006-01-28,"W98","CV326BG","Office","0759837966"
"26","cust26","Jalal","Westbrooks","Westbrooks.Jalal@gmail.com","dVJacRAi",1970-01-19,"M10","CV6 2AF","Home","0751624226"
"27","cust27","John","Gililland Jr","Gililland Jr.John@gmail.com","kqXISNFe",1963-07-18,"O45","CV100FU","Home","0754127610"
"28","cust28","Fikra","al-Rashid","al-Rashid.Fikra@gmail.com","xIeXb108",1977-07-15,"U09","CV5 6UH","Home","0759368205"
"29","cust29","Audrie","Alcantar","Alcantar.Audrie@gmail.com","15TCoFUe",1956-07-21,"Q19","CV100DS","Home","0758336955"
"30","cust30","Brooklynn","Walton","Walton.Brooklynn@gmail.com","9pREI9a9",1972-10-28,"D16","CV9 2ZT","Office","0751826609"
"31","cust31","Javon","Orr","Orr.Javon@gmail.com","BLBPcgpN",1983-04-13,"I77","CV9 2AA","Home","0755852576"
"32","cust32","Dean","Brown","Brown.Dean@gmail.com","x1bSLs4s",1964-06-03,"Y61","CV3 2GE","Office","0754464609"
"33","cust33","Morgan","Woolman","Woolman.Morgan@gmail.com","BDr3EzgR",1990-02-26,"E86","CV6 5BY","Office","0754185808"
"34","cust34","Olya","Schwartz","Schwartz.Olya@gmail.com","NSnfS3EE",1956-08-18,"T81","CV227JP","Home","0757785920"
"35","cust35","John","Romero-Rough","Romero-Rough.John@gmail.com","E3UFlXw5",1970-08-16,"L03","CV238ES","Home","0753639734"
"36","cust36","Tristin","Cerna","Cerna.Tristin@gmail.com","wivc9Bja",1990-02-26,"D28","CV3 5HY","Office","0754740627"
"37","cust37","Tyler","Harmon","Harmon.Tyler@gmail.com","JlKrZPvS",1948-05-03,"F91","CV120EN","Office","0752984055"
"38","cust38","Andrew","Chancellor","Chancellor.Andrew@gmail.com","6SzvQrIn",1946-08-29,"R96","CV378RF","Office","0759369560"
"39","cust39","Garrett","Giffen","Giffen.Garrett@gmail.com","nNNereW9",1988-12-08,"D46","CV1 4NZ","Home","0758524846"
"40","cust40","Joey","Trujillo","Trujillo.Joey@gmail.com","b2Ujk3RV",1956-08-18,"K75","CV319BY","Home","0752823294"
"41","cust41","Meng","Harvey","Harvey.Meng@gmail.com","Gbji7ZnE",1990-02-26,"L39","CV3 6JL","Office","0751938132"
"42","cust42","Numair","el-Ullah","el-Ullah.Numair@gmail.com","ip7xkoB1",1950-10-09,"Q01","CV5 7YG","Home","0750713365"
"43","cust43","Sean","Vue","Vue.Sean@gmail.com","ru8TSh4j",2006-01-28,"G67","CV115TD","Office","0759279538"
"44","cust44","Damian","Rodriguez","Rodriguez.Damian@gmail.com","OSiTzqpl",1957-01-14,"M14","CV238SJ","Office","0751542185"
"45","cust45","Leng Mi","Anderson","Anderson.Leng Mi@gmail.com","6qoz2kPa",1983-04-13,"E63","CV2 4YP","Home","0755576605"
"46","cust46","Nashat","el-Salih","el-Salih.Nashat@gmail.com","p00zlJoz",1977-01-08,"W96","CV364GQ","Office","0755660068"
"47","cust47","Schyeler","Thrush","Thrush.Schyeler@gmail.com","CeRwzSEh",1952-07-07,"E31","CV6 6WB","Office","0751749453"
"48","cust48","Tyrec","Redd","Redd.Tyrec@gmail.com","YaQQbSxq",1957-09-20,"C30","CV226QL","Home","0755059540"
"49","cust49","Shea","Franceschi","Franceschi.Shea@gmail.com","DQQ1NQBh",1997-03-11,"X03","CV324AP","Office","0750014827"
"50","cust50","Mikayla","Taylor","Taylor.Mikayla@gmail.com","0jQj02Pd",1972-10-16,"H79","CV4 8JY","Home","0755206081"
